,PSP,PSP,PSP,PSP,PSP,PSP,SOHO,SOHO,SOHO,SOHO,SOHO,SOHO,STEREO-A,STEREO-A,STEREO-A,STEREO-A,STEREO-A,STEREO-A,Solar Orbiter,Solar Orbiter,Solar Orbiter,Solar Orbiter,Solar Orbiter,Solar Orbiter
,Flux,Uncertainty,r_dist,vsw,foot_long,foot_long_error,Flux,Uncertainty,r_dist,vsw,foot_long,foot_long_error,Flux,Uncertainty,r_dist,vsw,foot_long,foot_long_error,Flux,Uncertainty,r_dist,vsw,foot_long,foot_long_error
Time,,,,,,,,,,,,,,,,,,,,,,,,
2021-05-28 00:00:00,0.00023372905949751535,0.00023372905949751535,,,,,0.00014919999715251226,0.0002713586427217575,,,,,0.0,0.0,,,,,0.00046121800939242044,0.00046121800939242044,,,,
2021-05-28 00:15:00,0.00027920457844932877,0.00027920457844932877,,,,,0.00012013333422752717,0.00024777500184427483,,,,,0.0,0.0,,,,,0.0009224360187848409,0.0009224360187848409,,,,
2021-05-28 00:30:00,0.00023504231745998064,0.00023504231745998064,,,,,0.00010253333117968092,0.0002582325474734435,,,,,0.0,0.0,,,,,0.00045601632446050643,0.00045601632446050643,,,,
2021-05-28 00:45:00,0.00028145707522829374,0.00028145707522829374,,,,,7.506666879635304e-05,0.0002477200038265437,,,,,0.0,0.0,,,,,0.00045601632446050643,0.00045601632446050643,,,,
2021-05-28 01:00:00,0.00023504093599816163,0.00023504093599816163,,,,,8.933333350190272e-05,0.00026638349975490524,,,,,0.0,0.0,,,,,0.00045601632446050643,0.00045601632446050643,,,,
2021-05-28 01:15:00,0.0,0.0,,,,,8.79333335130165e-05,0.0002418166671607954,,,,,0.0,0.0,,,,,0.0,0.0,,,,
2021-05-28 01:30:00,0.00023371833376586437,0.00023371833376586437,,,,,8.91333339192594e-05,0.0002659168089271319,,,,,0.0,0.0,,,,,0.00045601632446050643,0.00045601632446050643,,,,
2021-05-28 01:45:00,0.0,0.0,,,,,0.00017466666758991778,0.00031146949053935955,,,,,0.0,0.0,,,,,0.0,0.0,,,,
2021-05-28 02:00:00,0.0,0.0,,,,,0.00017713333557670314,0.00029437679604232033,,,,,0.0,0.0,,,,,0.0,0.0,,,,
2021-05-28 02:15:00,0.0,0.0,,,,,0.00023493332943568627,0.0003126787255120203,,,,,0.0,0.0,,,,,0.0,0.0,,,,
2021-05-28 02:30:00,0.0,0.0,,,,,0.00021126666979398578,0.00027476162531957986,,,,,0.001208765556414922,0.001208765556414922,,,,,0.0,0.0,,,,
2021-05-28 02:45:00,0.0,0.0,,,,,0.00016259999538306146,0.00027844230093559394,,,,,0.0,0.0,,,,,0.0,0.0,,,,
2021-05-28 03:00:00,0.0005583818691472213,0.0005583818691472213,,,,,0.00014753333234693856,0.0002687266000116929,,,,,0.0,0.0,,,,,0.0,0.0,,,,
2021-05-28 03:15:00,,,,,,,0.00019060000098155191,0.0002838128156982258,,,,,0.0,0.0,,,,,0.0,0.0,,,,
2021-05-28 03:30:00,,,,,,,8.799999874706069e-05,0.0002609525156614488,,,,,0.0012042198330163955,0.0012042198330163955,,,,,0.00045601632446050643,0.00045601632446050643,,,,
2021-05-28 03:45:00,,,,,,,0.00023520000104326755,0.00031569517530470945,,,,,0.0,0.0,,,,,0.0,0.0,,,,
2021-05-28 04:00:00,,,,,,,0.00012053333145255844,0.00028281710312501226,,,,,0.0012075225512186685,0.0012075225512186685,,,,,0.0,0.0,,,,
2021-05-28 04:15:00,,,,,,,8.980000081161658e-05,0.0002919706450312106,,,,,0.0,0.0,,,,,0.0,0.0,,,,
2021-05-28 04:30:00,,,,,,,0.00019313333420238146,0.0003090123892037303,,,,,0.0,0.0,,,,,0.0,0.0,,,,
2021-05-28 04:45:00,,,,,,,5.8866662827009955e-05,0.00024282499616674614,,,,,0.0,0.0,,,,,0.0,0.0,,,,
2021-05-28 05:00:00,,,,,,,0.00014926666820732257,0.000290075862681215,,,,,0.0,0.0,,,,,0.00045601632446050643,0.00045601632446050643,,,,
2021-05-28 05:15:00,,,,,,,5.90000010561198e-05,0.00024337499635294083,,,,,0.0,0.0,,,,,0.0,0.0,,,,
2021-05-28 05:30:00,,,,,,,0.00013446666610737642,0.0002752575177924948,,,,,0.0,0.0,,,,,0.0,0.0,,,,
2021-05-28 05:45:00,,,,,,,0.00013286666362546384,0.00027249866131665414,,,,,0.0,0.0,,,,,0.0,0.0,,,,
2021-05-28 06:00:00,,,,,,,0.0001034666628887256,0.0002838981960490143,,,,,0.0,0.0,,,,,0.0,0.0,,,,
2021-05-28 06:15:00,,,,,,,0.0001935333333676681,0.00028806229685864054,,,,,0.0,0.0,,,,,0.0,0.0,,,,
2021-05-28 06:30:00,,,,,,,0.00013433333369903267,0.00029681820336831846,,,,,0.0,0.0,,,,,0.0,0.0,,,,
2021-05-28 06:45:00,,,,,,,0.0002132000052370131,0.0003224410559492151,,,,,0.0,0.0,,,,,0.0,0.0,,,,
2021-05-28 07:00:00,,,,,,,0.0001490666666844239,0.00028653357601073374,,,,,0.0012042198330163955,0.0012042198330163955,,,,,0.0,0.0,,,,
2021-05-28 07:15:00,,,,,,,0.00013433333563928803,0.0002757717032595987,,,,,0.0,0.0,,,,,0.0,0.0,,,,
2021-05-28 07:30:00,,,,,,,0.00017713333557670314,0.0002947795237684801,,,,,0.0,0.0,,,,,0.0,0.0,,,,
2021-05-28 07:45:00,,,,,,,0.00017653333585864554,0.0003299200083718462,,,,,0.0,0.0,,,,,0.0,0.0,,,,
2021-05-28 08:00:00,,,,,,,8.753333240747452e-05,0.0002858750452757959,,,,,0.0012042198330163955,0.0012042198330163955,,,,,0.0,0.0,,,,
2021-05-28 08:15:00,0.0,0.0,,,,,8.940000067620228e-05,0.0002660235676641858,,,,,0.0,0.0,,,,,0.0,0.0,,,,
2021-05-28 08:30:00,0.00023508913194139798,0.00023508913194139798,,,,,0.00016259999538306146,0.00029785991777342815,,,,,0.0,0.0,,,,,0.0,0.0,,,,
2021-05-28 08:45:00,0.0002337436346958081,0.0002337436346958081,,,,,0.00020826666635305932,0.0002622298240665245,,,,,0.0,0.0,,,,,0.00046121800939242044,0.00046121800939242044,,,,
2021-05-28 09:00:00,0.0,0.0,,,,,0.00012006666705322762,0.00026216447199197784,,,,,0.0,0.0,,,,,0.0,0.0,,,,
2021-05-28 09:15:00,0.0,0.0,,,,,0.00023853333453492572,0.0002964199309684874,,,,,0.0,0.0,,,,,0.00046121800939242044,0.00046121800939242044,,,,
2021-05-28 09:30:00,0.0002792131466170152,0.0002792131466170152,,,,,0.00019346666425311317,0.000308491704914252,,,,,0.0,0.0,,,,,0.0,0.0,,,,
2021-05-28 09:45:00,0.0,0.0,,,,,0.00017953333250867823,0.00029476584981673467,,,,,0.0012042198330163955,0.0012042198330163955,,,,,0.0,0.0,,,,
2021-05-28 10:00:00,0.0002792084589600563,0.0002792084589600563,,,,,5.933333401723454e-05,0.00024474999881931583,,,,,0.0,0.0,,,,,0.00045601632446050643,0.00045601632446050643,,,,
2021-05-28 10:15:00,0.0,0.0,,,,,0.00011693333605459581,0.00027517238287617083,,,,,0.0,0.0,,,,,0.0,0.0,,,,
2021-05-28 10:30:00,0.0,0.0,,,,,0.0002211333349502335,0.0002777769251375741,,,,,0.0012042198330163955,0.0012042198330163955,,,,,0.0,0.0,,,,
2021-05-28 10:45:00,,,,,,,0.00020446666167117655,0.0002790884447424095,,,,,0.0,0.0,,,,,0.0,0.0,,,,
2021-05-28 11:00:00,,,,,,,0.00013073333054004858,0.00031110006933410185,,,,,0.0,0.0,,,,,0.0,0.0,,,,
2021-05-28 11:15:00,,,,,,,0.0001907999957135568,0.00028475271145346086,,,,,0.0,0.0,,,,,0.0,0.0,,,,
2021-05-28 11:30:00,,,,,,,0.00010313333089773853,0.0003121035573231491,,,,,0.0,0.0,,,,,0.0,0.0,,,,
2021-05-28 11:45:00,,,,,,,0.00014813333206499616,0.0002698030081053041,,,,,0.0,0.0,,,,,0.0,0.0,,,,
2021-05-28 12:00:00,,,,,,,0.00010186666622757912,0.00027627898656247253,,,,,0.0012071085472901662,0.0012071085472901662,,,,,0.0,0.0,,,,
2021-05-28 12:15:00,,,,,,,0.00011786666582338511,0.00029847329954483875,,,,,0.0,0.0,,,,,0.0,0.0,,,,
2021-05-28 12:30:00,,,,,,,0.0001325333306643491,0.00027194307870731396,,,,,0.0,0.0,,,,,0.0,0.0,,,,
2021-05-28 12:45:00,,,,,,,0.00014886666904203593,0.0002571352799088464,,,,,0.0,0.0,,,,,0.0,0.0,,,,
2021-05-28 13:00:00,,,,,,,0.00012093333449835579,0.00026347091119787304,,,,,0.0,0.0,,,,,0.00045601632446050643,0.00045601632446050643,,,,
2021-05-28 13:15:00,,,,,,,0.00020780000389398386,0.0003018171596665628,,,,,0.0,0.0,,,,,0.00045601632446050643,0.00045601632446050643,,,,
2021-05-28 13:30:00,,,,,,,0.00022353332994195322,0.0003285727012252197,,,,,0.0,0.0,,,,,0.0,0.0,,,,
2021-05-28 13:45:00,,,,,,,5.9999999939464034e-05,0.00028113564752864974,,,,,0.0,0.0,,,,,0.0,0.0,,,,
2021-05-28 14:00:00,,,,,,,0.0002376000105869025,0.0003004913432026378,,,,,0.0,0.0,,,,,0.0,0.0,,,,
2021-05-28 14:15:00,,,,,,,0.0001336000064232697,0.00035090268015564475,,,,,0.0,0.0,,,,,0.0,0.0,,,,
2021-05-28 14:30:00,,,,,,,0.00010526666786366452,0.0002848024813928979,,,,,0.0,0.0,,,,,0.0,0.0,,,,
2021-05-28 14:45:00,,,,,,,0.00017746666659756253,0.0002642746253616623,,,,,0.0,0.0,,,,,0.0,0.0,,,,
2021-05-28 15:00:00,,,,,,,0.0001937999981843556,0.00027379705545122623,,,,,0.0,0.0,,,,,0.0,0.0,,,,
2021-05-28 15:15:00,,,,,,,0.00013239999825600534,0.0002427333301360098,,,,,0.0,0.0,,,,,0.0,0.0,,,,
2021-05-28 15:30:00,,,,,,,0.00020780000292385618,0.0002725108872887415,,,,,0.0,0.0,,,,,0.0,0.0,,,,
2021-05-28 15:45:00,,,,,,,0.00019260000165862343,0.00030190831751913277,,,,,0.0012042198330163955,0.0012042198330163955,,,,,0.0,0.0,,,,
2021-05-28 16:00:00,,,,,,,0.00011760000294695298,0.0002728017865889306,,,,,0.0,0.0,,,,,0.0,0.0,,,,
2021-05-28 16:15:00,,,,,,,0.0002067333261948079,0.0002947824680199515,,,,,0.0,0.0,,,,,0.0,0.0,,,,
2021-05-28 16:30:00,0.000588548214485248,0.000588548214485248,,,,,0.00011840000030739853,0.0003389400766045707,,,,,0.0,0.0,,,,,0.0,0.0,,,,
2021-05-28 16:45:00,0.0,0.0,,,,,9.086666589913269e-05,0.0003012868322250415,,,,,0.0012042198330163955,0.0012042198330163955,,,,,0.0,0.0,,,,
2021-05-28 17:00:00,0.0,0.0,,,,,0.00013206666917540134,0.0002835249952719702,,,,,0.0,0.0,,,,,0.0,0.0,,,,
2021-05-28 17:15:00,0.0,0.0,,,,,0.00017673333447116118,0.00031148029008718067,,,,,0.0012075225512186685,0.0012075225512186685,,,,,0.0,0.0,,,,
2021-05-28 17:30:00,0.0,0.0,,,,,0.0001494666658497105,0.0002909154990114629,,,,,0.0,0.0,,,,,0.0,0.0,,,,
2021-05-28 17:45:00,0.0002791964138547579,0.0002791964138547579,,,,,0.00010346666579910865,0.00028409150517003605,,,,,0.0,0.0,,,,,0.0,0.0,,,,
2021-05-28 18:00:00,0.0,0.0,,,,,0.00016439999938787272,0.0003236350154483467,,,,,0.001206695040067037,0.001206695040067037,,,,,0.0,0.0,,,,
2021-05-28 18:15:00,0.0002791951410472393,0.0002791951410472393,,,,,0.00011800000114211191,0.00027767613766833775,,,,,0.0,0.0,,,,,0.0,0.0,,,,
2021-05-28 18:30:00,0.0,0.0,,,,,0.00017880000232253223,0.00027986639614003997,,,,,0.0,0.0,,,,,0.0,0.0,,,,
2021-05-28 18:45:00,0.0,0.0,,,,,0.00020886666801137228,0.0002871526339904144,,,,,0.0,0.0,,,,,0.0,0.0,,,,
2021-05-28 19:00:00,0.00028146374970674517,0.00028146374970674517,,,,,0.00016426666697952897,0.000256187382552259,,,,,0.0,0.0,,,,,0.0,0.0,,,,
2021-05-28 19:15:00,0.0,0.0,,,,,0.00011806666540602843,0.00030404831406786857,,,,,0.0,0.0,,,,,0.0,0.0,,,,
2021-05-28 19:30:00,0.0,0.0,,,,,0.00014813332915461312,0.00026919891793090626,,,,,0.0,0.0,,,,,0.0,0.0,,,,
2021-05-28 19:45:00,0.0,0.0,,,,,0.00012166666759488483,0.00027980088708247705,,,,,0.0,0.0,,,,,0.0,0.0,,,,
2021-05-28 20:00:00,0.0,0.0,,,,,0.0002079333304815615,0.00028364574135721267,,,,,0.0,0.0,,,,,0.0,0.0,,,,
2021-05-28 20:15:00,0.0,0.0,,,,,0.00016193333528159807,0.00028070656018514846,,,,,0.0,0.0,,,,,0.00046121800939242044,0.00046121800939242044,,,,
2021-05-28 20:30:00,0.0,0.0,,,,,0.00013406667082260053,0.00029326551181448854,,,,,0.0,0.0,,,,,0.0,0.0,,,,
2021-05-28 20:45:00,0.0007515503869702419,0.0007515503869702419,,,,,0.0001938666740898043,0.000324682150621177,,,,,0.0,0.0,,,,,0.00045601632446050643,0.00045601632446050643,,,,
2021-05-28 21:00:00,0.0002791853000720342,0.0002791853000720342,,,,,0.0001047333333796511,0.0002639603700922009,,,,,0.0,0.0,,,,,0.0,0.0,,,,
2021-05-28 21:15:00,0.00027918843552470206,0.00027918843552470206,,,,,0.00018546666639546555,0.0002848214486938491,,,,,0.0,0.0,,,,,0.0,0.0,,,,
2021-05-28 21:30:00,0.0,0.0,,,,,8.839999985260268e-05,0.0002634323727097957,,,,,0.0,0.0,,,,,0.0,0.0,,,,
2021-05-28 21:45:00,0.0,0.0,,,,,0.00016286666699064274,0.00034972055003101713,,,,,0.0,0.0,,,,,0.0,0.0,,,,
2021-05-28 22:00:00,0.000514229480177164,0.000514229480177164,,,,,0.00019286666453505557,0.000322089289742133,,,,,0.0,0.0,,,,,0.0,0.0,,,,
2021-05-28 22:15:00,0.00027918675914406776,0.00027918675914406776,,,,,0.0001475333304066832,0.00026860578181105426,,,,,0.0012071085472901662,0.0012071085472901662,,,,,0.0,0.0,,,,
2021-05-28 22:30:00,0.0002814625079433123,0.0002814625079433123,,,,,0.00023439999010103443,0.00029718233901481633,,,,,0.0,0.0,,,,,0.0,0.0,,,,
2021-05-28 22:45:00,0.0,0.0,,,,,0.00013293333274001876,0.00025673686842519523,,,,,0.0,0.0,,,,,0.00046121800939242044,0.00046121800939242044,,,,
2021-05-28 23:00:00,0.00023370538838207722,0.00023370538838207722,,,,,0.00017786666382259378,0.0002948824744803722,,,,,0.0,0.0,,,,,0.0,0.0,,,,
2021-05-28 23:15:00,0.0,0.0,,,,,0.00023799999714052927,0.00028860837329901755,,,,,0.00241339144607385,0.00241339144607385,,,,,0.00046121800939242044,0.00046121800939242044,,,,
2021-05-28 23:30:00,0.0,0.0,,,,,0.00015146667040729275,0.00027224299283145904,,,,,0.0,0.0,,,,,0.0,0.0,,,,
2021-05-28 23:45:00,0.0,0.0,,,,,0.0005011333307872216,0.00041421757945489296,,,,,0.0,0.0,,,,,0.0,0.0,,,,
2021-05-29 00:00:00,0.0,0.0,,,,,0.011996733323515703,0.0015496973873275785,,,,,0.0,0.0,,,,,0.0,0.0,,,,
2021-05-29 00:15:00,0.0029386695629606643,0.0024206987116485836,,,,,0.17696666593352953,0.006715083037859317,,,,,0.0,0.0,,,,,0.00046121800939242044,0.00046121800939242044,,,,
2021-05-29 00:30:00,0.016138888212541738,0.006124282069504261,,,,,0.5121333320935567,0.012060675977698701,,,,,0.0036184438814719517,0.0036184438814719517,,,,,0.0009172343338529269,0.0009172343338529269,,,,
2021-05-29 00:45:00,0.15177342792352042,0.03298048240443071,,,,,1.090066663424174,0.01826590280601058,,,,,0.0012062819053729374,0.0012062819053729374,,,,,0.0009224360187848409,0.0009224360187848409,,,,
2021-05-29 01:00:00,0.016702707096313437,0.007981274168317516,,,,,1.6733333269755046,0.023428363308625622,,,,,0.006027707209189733,0.004500295470158259,,,,,0.0032285260657469433,0.0032285260657469433,,,,
2021-05-29 01:15:00,0.6973594967586298,0.07559020559613903,,,,,3.053999996185303,0.03433555255315872,,,,,0.013279881949226061,0.011039714763561885,,,,,0.007819899482031663,0.007819899482031663,,,,
2021-05-29 01:30:00,2.4546905480325223,0.1700903058052063,,,,,3.4439999580383303,0.03766723051405825,,,,,0.013261700794100762,0.010320067529877026,,,,,0.006425842332343261,0.006425842332343261,,,,
2021-05-29 01:45:00,2.622312477727731,0.17483441829681395,,,,,3.332000001271566,0.03672665344458912,,,,,0.019289392108718554,0.015644043187300363,,,,,0.0082707142457366,0.0082707142457366,,,,
2021-05-29 02:00:00,0.6831174905101458,0.10039352489014466,,,,,3.3519999980926514,0.03702712270042109,,,,,0.02050850267211596,0.015326622997721036,,,,,0.005057793048520883,0.005057793048520883,,,,
2021-05-29 02:15:00,1.1700444519519806,0.13172531127929688,,,,,3.1246667226155598,0.0351812862664459,,,,,0.050661003962159154,0.02687111496925354,,,,,0.005057793048520883,0.005057793048520883,,,,
2021-05-29 02:30:00,0.9817258397738139,0.12206682438651721,,,,,2.7946666558583577,0.032366031982192275,,,,,0.055510624498128894,0.029502160102128982,,,,,0.005508607812225818,0.005508607812225818,,,,
2021-05-29 02:45:00,1.331256452202797,0.13833745171626408,,,,,2.672000010808309,0.03106642853139812,,,,,0.012063254043459893,0.010650004322330157,,,,,0.005529414427777131,0.005529414427777131,,,,
2021-05-29 03:00:00,0.9932928542296092,0.1215352954963843,,,,,2.575333293279012,0.030324062306599908,,,,,0.038580447311202686,0.02420858529706796,,,,,0.005519010995825132,0.005519010995825132,,,,
2021-05-29 03:15:00,0.8739045202732086,0.11500160793463389,,,,,2.3819999853769938,0.028787516609681887,,,,,0.06395212461551031,0.032953906804323196,,,,,0.00506299485762914,0.00506299485762914,,,,
2021-05-29 03:30:00,0.9624655087788899,0.1205938828488191,,,,,2.1799999872843423,0.02711482816211009,,,,,0.10130469302336374,0.04033366528650125,,,,,0.004606978408992291,0.004606978408992291,,,,
2021-05-29 03:45:00,0.8320101956526439,0.11217387566963831,,,,,1.9066666523615519,0.024837778000577404,,,,,0.09772269017994403,0.040832610925038655,,,,,0.006902665210266908,0.006902665210266908,,,,
2021-05-29 04:00:00,0.848555106918017,0.11296748543779055,,,,,1.7126666943232218,0.02329403152925939,,,,,0.10133159769078096,0.041112886865933736,,,,,0.005519011120001475,0.005519011120001475,,,,
2021-05-29 04:15:00,0.6833684871594111,0.10159727955857913,,,,,1.4119999965031942,0.02067423223404474,,,,,0.08926214203238488,0.0390612588574489,,,,,0.005534616112709045,0.005534616112709045,,,,
2021-05-29 04:30:00,0.6109091073274613,0.09594470610221227,,,,,1.259333332379659,0.01929356241680952,,,,,0.08445976451039314,0.038309282561143236,,,,,0.003218122695883115,0.003218122695883115,,,,
2021-05-29 04:45:00,0.5878365109364192,0.09412113204598427,,,,,1.212666670481364,0.018858245542675674,,,,,0.05671317068239053,0.0310122512280941,,,,,0.0027569046864906947,0.0027569046864906947,,,,
2021-05-29 05:00:00,0.5069893966118495,0.08742841482162475,,,,,1.0639999945958456,0.017500591429847986,,,,,0.07482238697508971,0.03551829258600871,,,,,0.004135357029736042,0.004135357029736042,,,,
2021-05-29 05:15:00,0.46660293539365133,0.08397794701159,,,,,0.9022666732470195,0.015917563803643404,,,,,0.06756638822456201,0.03285941295325756,,,,,0.0032233243808150293,0.0032233243808150293,,,,
2021-05-29 05:30:00,0.42443797290325164,0.07963923836747805,,,,,0.7813333551088969,0.014688681578259847,,,,,0.08327536806464195,0.03674440657099088,,,,,0.004140558714667956,0.004140558714667956,,,,
2021-05-29 05:45:00,0.46254025797049203,0.08313157707452774,,,,,0.6487333297729492,0.013252695308778215,,,,,0.08927202733854453,0.038682854175567626,,,,,0.003218122695883115,0.003218122695883115,,,,
2021-05-29 06:00:00,0.47048294146855674,0.08397032941381137,,,,,0.6262666702270507,0.013010454982872587,,,,,0.05309226860602697,0.02940044701099396,,,,,0.0018396703526377678,0.0018396703526377678,,,,
2021-05-29 06:15:00,0.47295151352882386,0.0844478930036227,,,,,0.583733328183492,0.012523575269118297,,,,,0.06271603293716907,0.030367969100673995,,,,,0.002756904748578866,0.002756904748578866,,,,
2021-05-29 06:30:00,0.48166435261567436,0.08503793900211652,,,,,0.5726666688919068,0.012386985083870787,,,,,0.059143538648883505,0.02967517003417015,,,,,0.0023008883620301884,0.0023008883620301884,,,,
2021-05-29 06:45:00,0.4018742263317108,0.07728208589057127,,,,,0.566266667842865,0.012309067473113612,,,,,0.05064490623772144,0.028327281524737676,,,,,0.0022956866150101026,0.0022956866150101026,,,,
2021-05-29 07:00:00,0.3680580606063207,0.07443478032946586,,,,,0.5212000012397766,0.011787230495037122,,,,,0.04948583630224069,0.02825771619876226,,,,,0.0018344686677058538,0.0018344686677058538,,,,
2021-05-29 07:15:00,0.3376964583992958,0.07108210201064745,,,,,0.4696000039577484,0.011138517880131153,,,,,0.05307942641278108,0.030125430723031362,,,,,0.00230088842411836,0.00230088842411836,,,,
2021-05-29 07:30:00,0.32153230905532837,0.06935137870411077,,,,,0.416866664091746,0.010460490347748146,,,,,0.059112500150998434,0.031253496060768764,,,,,0.0027569046864906947,0.0027569046864906947,,,,
2021-05-29 07:45:00,0.35234226485093434,0.07245093782742819,,,,,0.39273332953453066,0.010137671104294631,,,,,0.05064329380790392,0.029648453990618388,,,,,0.0009172343338529269,0.0009172343338529269,,,,
2021-05-29 08:00:00,0.27709718197584154,0.06386654923359553,,,,,0.3672666649023692,0.009786078681066146,,,,,0.056681349873542786,0.03094040888051192,,,,,0.0013784523432453474,0.0013784523432453474,,,,
2021-05-29 08:15:00,0.30310861418644586,0.0672986858834823,,,,,0.35200000007947285,0.009571412539040949,,,,,0.06995543204247952,0.03426613199214141,,,,,0.003668937397499879,0.003668937397499879,,,,
2021-05-29 08:30:00,0.3289328272144,0.069773193821311,,,,,0.32986666361490885,0.009245220872091474,,,,,0.059096819286545116,0.030930965517958004,,,,,0.0036793407673637074,0.0036793407673637074,,,,
2021-05-29 08:45:00,0.313847686847051,0.06851832742492357,,,,,0.2943333307902018,0.008716872870403628,,,,,0.05548826605081558,0.029456296066443125,,,,,0.00275690487275521,0.00275690487275521,,,,
2021-05-29 09:00:00,0.2785592367251714,0.06445714384317398,,,,,0.28120000163714093,0.008510348780465348,,,,,0.0397966501613458,0.02510970557729403,,,,,0.0013836540281772613,0.0013836540281772613,,,,
2021-05-29 09:15:00,0.21073666140437125,0.055724490682284036,,,,,0.2718666632970174,0.008381681247724993,,,,,0.04581773976484935,0.024970371772845588,,,,,0.002756904748578866,0.002756904748578866,,,,
2021-05-29 09:30:00,0.23882010951638222,0.05940083811680476,,,,,0.2622000018755595,0.008215009863125147,,,,,0.027765237167477606,0.021166875958442688,,,,,0.00229048499216636,0.00229048499216636,,,,
2021-05-29 09:45:00,0.2603275974591573,0.061981208125750226,,,,,0.24719999531904857,0.00796456583158205,,,,,0.059106258551279704,0.032071662073334055,,,,,0.0027621064335107805,0.0027621064335107805,,,,
2021-05-29 10:00:00,0.25382827669382096,0.061684228604038556,,,,,0.23066666424274446,0.007691812169925646,,,,,0.04223943601051967,0.024029795701305073,,,,,0.0027621063714226087,0.0027621063714226087,,,,
2021-05-29 10:15:00,0.23123540158073108,0.058326354871193566,,,,,0.20933332939942678,0.007317968358323707,,,,,0.030140159527460735,0.018690038099884988,,,,,0.0018396704147259394,0.0018396704147259394,,,,
2021-05-29 10:30:00,0.2394871309399605,0.05974517092108726,,,,,0.2131333331267039,0.007391158202337672,,,,,0.03620550508300464,0.02319549322128296,,,,,0.004135357029736042,0.004135357029736042,,,,
2021-05-29 10:45:00,0.21952656755844752,0.05725153312087059,,,,,0.21073332925637564,0.007340374836573077,,,,,0.026539921263853707,0.01994426759580771,,,,,0.0013732506583134334,0.0013732506583134334,,,,
2021-05-29 11:00:00,0.25278663833936055,0.06136320593456427,,,,,0.217466668287913,0.007481787538884071,,,,,0.045875232418378195,0.02563971243798733,,,,,0.0023060900469621024,0.0023060900469621024,,,,
2021-05-29 11:15:00,0.2673929442962011,0.0626369897276163,,,,,0.21879999935626984,0.007491633549920084,,,,,0.04100045450031757,0.02619987664123376,,,,,0.0013836540281772613,0.0013836540281772613,,,,
2021-05-29 11:30:00,0.255686176319917,0.06156765334308147,,,,,0.21466666360696157,0.007421117995275677,,,,,0.030143477022647858,0.02114397125939528,,,,,0.0013784523432453474,0.0013784523432453474,,,,
2021-05-29 11:45:00,0.26321231176455817,0.06253748709956805,,,,,0.20206666390101116,0.007203418954981861,,,,,0.019293531651298206,0.015761857976516087,,,,,0.00045601632446050643,0.00045601632446050643,,,,
2021-05-29 12:00:00,0.2596409430106481,0.06222945923606555,,,,,0.18853333294391633,0.006959618031799235,,,,,0.02653040774166584,0.018731040383378663,,,,,0.0018292669827739397,0.0018292669827739397,,,,
2021-05-29 12:15:00,0.26345674792925516,0.06260117925703526,,,,,0.17580000261465709,0.006706298892585648,,,,,0.03257340528070927,0.02362548795839151,,,,,0.0023008883620301884,0.0023008883620301884,,,,
2021-05-29 12:30:00,0.25095326056083045,0.06124151920278867,,,,,0.17960000137488047,0.006773657396235021,,,,,0.030163727949062982,0.021213472137848535,,,,,0.0009172343338529269,0.0009172343338529269,,,,
2021-05-29 12:45:00,0.2608053882916768,0.06227274996538957,,,,,0.16153333683808643,0.006418958184599505,,,,,0.02049278231958548,0.01602567844092846,,,,,0.0018396703526377678,0.0018396703526377678,,,,
2021-05-29 13:00:00,0.24238272060950597,0.060416289667288466,,,,,0.1412666658560435,0.006000238593251358,,,,,0.022917357583840687,0.016034050782521566,,,,,0.0023008883620301884,0.0023008883620301884,,,,
2021-05-29 13:15:00,0.22745289355516435,0.05824613459408283,,,,,0.13119999915361405,0.005788736174990301,,,,,0.024119063218434652,0.01835065856575966,,,,,0.00045601632446050643,0.00045601632446050643,,,,
2021-05-29 13:30:00,0.23833371152480443,0.05970199977358182,,,,,0.12439999828735987,0.005627867120243571,,,,,0.022910325104991594,0.017028271903594336,,,,,0.0018448720375696817,0.0018448720375696817,,,,
2021-05-29 13:45:00,0.24214327583710352,0.05996563086907069,,,,,0.1308666671315829,0.0057712348336360925,,,,,0.025317091743151346,0.01937712592383226,,,,,0.0009172343338529269,0.0009172343338529269,,,,
2021-05-29 14:00:00,0.2289710779984792,0.0582512516528368,,,,,0.12993333141009014,0.005759846341289415,,,,,0.02534565267463525,0.017040398592750233,,,,,0.0,0.0,,,,
2021-05-29 14:15:00,0.2391520271698634,0.05963188844422499,,,,,0.1279999981323878,0.005717695611321591,,,,,0.025307589893539748,0.019314041112860045,,,,,0.0018396703526377678,0.0018396703526377678,,,,
2021-05-29 14:30:00,0.23479377230008444,0.05895973642667134,,,,,0.12379999905824661,0.005604651128011739,,,,,0.019293127208948137,0.014235009873906771,,,,,0.00046121800939242044,0.00046121800939242044,,,,
2021-05-29 14:45:00,0.21998988191286722,0.05711283373335997,,,,,0.11513333370288213,0.005407561315090892,,,,,0.021718917538722356,0.01665353464583556,,,,,0.0018396703526377678,0.0018396703526377678,,,,
2021-05-29 15:00:00,0.2010344127813975,0.05441047561665376,,,,,0.11426666676998139,0.005390192624957304,,,,,0.014470872158805529,0.01043569544951121,,,,,0.0009224360187848409,0.0009224360187848409,,,,
2021-05-29 15:15:00,0.1912526309490204,0.05240729053815206,,,,,0.10579999983310699,0.005184496533660634,,,,,0.016891283666094145,0.012359528119365375,,,,,0.0009172343338529269,0.0009172343338529269,,,,
2021-05-29 15:30:00,0.1973403493563334,0.05400771982967854,,,,,0.10228666861852011,0.005098388222229313,,,,,0.019294349104166032,0.016354578236738842,,,,,0.0009224360187848409,0.0009224360187848409,,,,
2021-05-29 15:45:00,0.18844311038653055,0.05258812022705873,,,,,0.0992666686574618,0.00503059817335535,,,,,0.014472098524371783,0.010823968797922134,,,,,0.0009172343338529269,0.0009172343338529269,,,,
2021-05-29 16:00:00,0.16961205030481022,0.05012092950443427,,,,,0.09802666852871576,0.0049838672068008676,,,,,0.015682109942038853,0.011152004078030586,,,,,0.0023008883620301884,0.0023008883620301884,,,,
2021-05-29 16:15:00,0.17644007032116255,0.0509585910787185,,,,,0.0833133339881897,0.004598210683549825,,,,,0.014470044026772181,0.012942632287740707,,,,,0.0013680489733815192,0.0013680489733815192,,,,
2021-05-29 16:30:00,0.15038603420058885,0.046768818298975626,,,,,0.08282000124454499,0.004587824689685716,,,,,0.021713529775540034,0.015826724469661713,,,,,0.0009224360187848409,0.0009224360187848409,,,,
2021-05-29 16:45:00,0.1444891485075156,0.045615770916144056,,,,,0.07732666730880737,0.004435111745983096,,,,,0.01808806397020817,0.013617778445283573,,,,,0.0013836540281772613,0.0013836540281772613,,,,
2021-05-29 17:00:00,0.13707858125368755,0.04460778546830018,,,,,0.07795333315928778,0.00445752902826044,,,,,0.0181050106883049,0.014273465921481451,,,,,0.0,0.0,,,,
2021-05-29 17:15:00,0.1355515810350577,0.044577264972031114,,,,,0.07633333305517832,0.004409363272850206,,,,,0.015661860754092535,0.01413444901506106,,,,,0.002295686677098274,0.002295686677098274,,,,
2021-05-29 17:30:00,0.14294526303807895,0.04571663495153189,,,,,0.07136000096797943,0.004267559197303236,,,,,0.013259213293592136,0.011732323840260506,,,,,0.00045601632446050643,0.00045601632446050643,,,,
2021-05-29 17:45:00,0.12333440308769544,0.042526747845113275,,,,,0.06934666732947031,0.004205519742446625,,,,,0.0156697116792202,0.012844422707955043,,,,,0.00046121800939242044,0.00046121800939242044,,,,
2021-05-29 18:00:00,0.12299204816420874,0.04194776751101017,,,,,0.06698666686813036,0.004127302313687859,,,,,0.010853660230835279,0.009439686064918835,,,,,0.00046121800939242044,0.00046121800939242044,,,,
2021-05-29 18:15:00,0.11772683896124363,0.04161880755176147,,,,,0.06736666684349378,0.004143685431161191,,,,,0.010857388128836949,0.010150037581721942,,,,,0.0009172343338529269,0.0009172343338529269,,,,
2021-05-29 18:30:00,0.11591589984794458,0.041032023976246515,,,,,0.06177666708827019,0.003971256164817116,,,,,0.016893789793054264,0.014065347736080487,,,,,0.00046121800939242044,0.00046121800939242044,,,,
2021-05-29 18:45:00,0.10907069630920888,0.03956823796033859,,,,,0.056766666720310846,0.003801330000237449,,,,,0.01447665107746919,0.01153393325706323,,,,,0.00046121800939242044,0.00046121800939242044,,,,
2021-05-29 19:00:00,0.11021775181094805,0.0400433407475551,,,,,0.05839999914169312,0.00385550951050191,,,,,0.010848315805196762,0.010142900173862775,,,,,0.0009172343338529269,0.0009172343338529269,,,,
2021-05-29 19:15:00,0.10878270715475083,0.03991033174097538,,,,,0.059513333688179654,0.0039060100117355736,,,,,0.006035970399777094,0.005328134819865227,,,,,0.0009224360187848409,0.0009224360187848409,,,,
2021-05-29 19:30:00,0.1057140367726485,0.03885695201655229,,,,,0.0596266674498717,0.0038985264567927406,,,,,0.009645327553153038,0.007412500182787577,,,,,0.00046121800939242044,0.00046121800939242044,,,,
2021-05-29 19:45:00,0.10067240049441656,0.038283382169902326,,,,,0.0528399998943011,0.0036595674122746314,,,,,0.0072389504561821616,0.0058254580944776535,,,,,0.00046121800939242044,0.00046121800939242044,,,,
2021-05-29 20:00:00,0.10896708530684313,0.039801164095600444,,,,,0.05102666641275088,0.0036161601563246748,,,,,0.00964284191528956,0.00964284191528956,,,,,0.0013836540281772613,0.0013836540281772613,,,,
2021-05-29 20:15:00,0.10563940939803919,0.03848448960731427,,,,,0.04938666572173436,0.003554736650392222,,,,,0.014474583913882573,0.010434462999304136,,,,,0.0009120326489210129,0.0009120326489210129,,,,
2021-05-29 20:30:00,0.0957005076110363,0.036889084490636985,,,,,0.04892666588226954,0.003542937496365672,,,,,0.01207277389864127,0.008419355750083924,,,,,0.00045601632446050643,0.00045601632446050643,,,,
2021-05-29 20:45:00,0.09447634077320496,0.03611464109271765,,,,,0.04577333355943362,0.003419791503601351,,,,,0.008449788391590118,0.007033388316631317,,,,,0.0018396703526377678,0.0018396703526377678,,,,
2021-05-29 21:00:00,0.08578024506568908,0.0349212622269988,,,,,0.04583333333333333,0.0034205995710039207,,,,,0.01084540995458762,0.00773048996925354,,,,,0.0009172343338529269,0.0009172343338529269,,,,
2021-05-29 21:15:00,0.08541630494097868,0.03446592204272747,,,,,0.046693333486715956,0.003460216796316861,,,,,0.008443169792493184,0.007030161221822103,,,,,0.0,0.0,,,,
2021-05-29 21:30:00,0.07398836500942707,0.03177634899814923,,,,,0.046113332360982896,0.003432511082428422,,,,,0.008441518247127532,0.007736102615793546,,,,,0.0,0.0,,,,
2021-05-29 21:45:00,0.08393914873401324,0.034765380745132766,,,,,0.04485999916990598,0.00338869393712572,,,,,0.009645323455333709,0.008939183627565702,,,,,0.00046121800939242044,0.00046121800939242044,,,,
2021-05-29 22:00:00,0.07297514279683431,0.03235004935413599,,,,,0.043726666768391924,0.0033484414217406413,,,,,0.008434079711635907,0.00772866408030192,,,,,0.0009224360187848409,0.0009224360187848409,,,,
2021-05-29 22:15:00,0.07289095738281806,0.0318711484161516,,,,,0.040566666920979814,0.0032222531355845844,,,,,0.018085590998331704,0.014554403473933537,,,,,0.0009172343338529269,0.0009172343338529269,,,,
2021-05-29 22:30:00,0.06898902707422773,0.030943239821741977,,,,,0.03978666663169861,0.0031851350788873445,,,,,0.009645322213570277,0.008939423784613609,,,,,0.00045601632446050643,0.00045601632446050643,,,,
2021-05-29 22:45:00,0.07201384454965591,0.03129561090221008,,,,,0.04162666772802671,0.0032674588865977284,,,,,0.0120603592445453,0.009941211342811585,,,,,0.00046121800939242044,0.00046121800939242044,,,,
2021-05-29 23:00:00,0.07622517384588719,0.03228850861390432,,,,,0.03907999942700068,0.003165911452049157,,,,,0.004821425055464109,0.004821425055464109,,,,,0.0,0.0,,,,
2021-05-29 23:15:00,0.0680407214909792,0.03055013616879781,,,,,0.03670666714509328,0.0030624402931604864,,,,,0.006026463955640793,0.006026463955640793,,,,,0.0009172343959410985,0.0009172343959410985,,,,
2021-05-29 23:30:00,0.06660129744559526,0.03011572789400816,,,,,0.036053333679835,0.0030366584821471215,,,,,0.008439460520943005,0.007734044889609019,,,,,0.0009224360187848409,0.0009224360187848409,,,,
2021-05-29 23:45:00,0.06360669446488222,0.029094835557043553,,,,,0.03457857162824699,0.0029792510473442965,,,,,0.002408439666032791,0.0017030240346988042,,,,,0.0013784523432453474,0.0013784523432453474,,,,
2021-05-28 22:00:00,,,0.6852165527091839,394.7206401730372,104.26049481776282,4.589340663985594,,,1.0040428516613609,388.09090909090907,64.8936653020192,6.990179383275161,,,0.9636449374852408,371.3965517241379,13.8966534781069,7.282188582174125,,,0.9509458929554164,361.9858634799135,-32.95767313198783,7.636620229206459
2021-05-28 22:15:00,,,0.6853139670409399,394.7206401730372,104.26480622055745,4.589995620243934,,,1.0040450854307204,388.09090909090907,64.89384438008886,6.990198808723321,,,0.9636439532467904,371.3965517241379,13.89768199477497,7.282195335083453,,,0.9509510970167654,361.9858634799135,-32.95807570492171,7.636661364464667
2021-05-28 22:30:00,,,0.685411326545347,399.618376159668,103.73951917945246,4.476173506592786,,,1.0040473184208798,387.1666666666667,65.0483276345478,7.024472924666112,,,0.963642968940665,383.1034482758621,11.934029222025536,6.83268471733211,,,0.9509562898779452,379.8976225011489,-36.05239847845604,6.915191709459983
2021-05-28 22:45:00,,,0.6855086312360457,398.6012122575627,103.85267445397054,4.500231664143297,,,1.004049551149136,387.55555555555554,64.98349119721878,7.01004835124063,,,0.9636419845669352,384.8181818181818,11.657321612670628,6.770386835053754,,,0.9509614715389458,379.6835080813738,-36.01755879161037,6.923234563477164
2021-05-28 23:00:00,,,0.6856058811266882,397.2268368995796,104.00500152083184,4.532817419875747,,,1.0040517831399414,387.9166666666667,64.92341502156512,6.996695577121455,,,0.9636410001256014,384.5593220338983,11.700116866117618,6.779743521230146,,,0.9509666419997568,378.5453527363297,-35.82987735724537,6.966063841948554
2021-05-28 23:15:00,,,0.6857030762308837,397.2268368995796,104.00925122278517,4.533462482168798,,,1.004054014734154,387.9166666666667,64.92359372468663,6.996714986545704,,,0.9636400156166828,384.5593220338983,11.70114352613176,6.779749816159416,,,0.9509718012603676,378.5453527363297,-35.83029861816898,6.9661010339395215
2021-05-28 23:30:00,,,0.6858002165622715,391.2923583984375,104.6650813426098,4.6760961918190125,,,1.0040562458622062,384.3333333333333,65.5267052580436,7.13115875186496,,,0.9636390310402244,388.3448275862069,11.096900580659934,6.644936045171188,,,0.9509769493207676,357.4914765700796,-32.13510605943286,7.835804827601058
2021-05-28 23:45:00,,,0.6858973021344517,391.6482355026972,104.62977592725228,4.66805647294799,,,1.0040584763670353,384.22222222222223,65.54576082633072,7.13540897227356,,,0.963638046396323,384.8636363636364,11.65409958714502,6.7687721059747545,,,0.9509820861809464,356.4312266430824,-31.93785449776317,7.883920998061868
2021-05-29 00:00:00,,,0.6859943329609891,391.8970734168743,104.60641962415002,4.662646840017237,,,1.0040607064187743,384.5,65.4987727051352,7.124859680320771,,,0.9636370616849436,381.4655172413793,12.207818266197409,6.893049866673812,,,0.9509872118408936,354.89114704007415,-31.64904633798959,7.954593783122688
2021-05-29 00:15:00,,,0.6860913090554824,391.8970734168743,104.61072950879272,4.663308503005555,,,1.0040629357558235,384.5,65.49895255818844,7.124879409964015,,,0.9636360769061332,381.4655172413793,12.20884557754058,6.893056274859732,,,0.950992326300599,354.89114704007415,-31.64944868997316,7.954635874654069
2021-05-29 00:30:00,,,0.6861882304314895,394.68139113041394,104.30765344752396,4.596809854661066,,,1.0040651649432073,380.3333333333333,66.21389374274189,7.285959830387881,,,0.963635092059964,376.2,13.086014847454663,7.092553754155798,,,0.9509974295600526,344.58970223221127,-29.648847211261558,8.45276320994834
2021-05-29 00:45:00,,,0.6862850971025617,393.1560183438388,104.47978939873266,4.63407719130321,,,1.0040673931723334,381.6666666666667,65.98365309237862,7.233846510836976,,,0.9636341071463992,374.68888888888887,13.343028167862478,7.151424827905012,,,0.9510025216192426,343.53202680201315,-29.436998109585133,8.506606344527146
2021-05-29 01:00:00,,,0.6863819090822392,389.57521998087566,104.8833836149728,4.722453115351388,,,1.0040696211780458,384.25,65.54194016795236,7.134449745462713,,,0.9636331221655302,374.78333333333336,13.327997110195994,7.147730837384804,,,0.95100760247816,344.81469749001894,-29.69461697940079,8.441474215410032
2021-05-29 01:15:00,,,0.6864786663840466,389.57521998087566,104.88770736301896,4.723121370503802,,,1.0040718485944256,384.25,65.5421196735087,7.134469468678773,,,0.9636321371173936,374.78333333333336,13.329025643264616,7.147737490659473,,,0.9510126721367944,344.81469749001894,-29.69501249229681,8.441518481885169
2021-05-29 01:30:00,,,0.6865753690214987,379.1272099812825,106.10061534246036,4.994665410839814,,,1.0040740754835835,390.3333333333333,64.52480937316795,6.908380179645595,,,0.9636311520020028,382.9666666666666,11.968615468723408,6.83776818923397,,,0.9510177305951348,352.80118326424,-31.25494869595738,8.05224022343561
2021-05-29 01:45:00,,,0.6866720170080988,383.9637630886502,105.53736582347138,4.867117610573341,,,1.004076301838381,394.6666666666667,63.81932644045004,6.753875486770119,,,0.9636301668193986,382.26666666666665,12.083820226072454,6.863487031298159,,,0.951022777853172,352.7575133745447,-31.247018547771745,8.054336569003514
2021-05-29 02:00:00,,,0.6867686103573315,384.4747984839268,105.4826016522846,4.854543122854049,,,1.0040785277652302,392.0833333333333,64.23830590278837,6.845377382640701,,,0.9636291815695888,382.76666666666665,12.003249758884486,6.845112474146785,,,0.9510278139108952,351.54227205662943,-31.014631847787115,8.111865814197945
2021-05-29 02:15:00,,,0.6868651490826754,384.4747984839268,105.48698458957796,4.855228126381751,,,1.0040807530274014,392.0833333333333,64.23848134652597,6.845396273471321,,,0.9636281962526846,382.76666666666665,12.00427723675925,6.845118853680556,,,0.9510328387682936,351.54227205662943,-31.01503771987352,8.111907966555682
2021-05-29 02:30:00,,,0.6869616331976,377.2411163330078,106.3439501229058,5.0489112891605465,,,1.004082977773696,384.0,65.58552019576507,7.14409851862158,,,0.9636272108686778,376.53333333333336,13.038050810135964,7.07972036824427,,,0.9510378524253582,347.4401453055588,-30.217602065617385,8.31066299398742
2021-05-29 02:45:00,,,0.6870580627155431,377.3765353498788,106.33217816354266,5.045903316868367,,,1.004085202200709,385.22222222222223,65.37842191558167,7.097706376797713,,,0.9636262254175608,371.97777777777776,13.815741343166463,7.258957183922751,,,0.9510428548820784,345.3433981835193,-29.80287686137113,8.41513588561339
2021-05-29 03:00:00,,,0.6871544376499441,376.2830268859863,106.4683421880942,5.076771006522456,,,1.0040874258042725,387.0833333333333,65.06548679834532,7.027923862644609,,,0.9636252398994404,370.4,14.090215276223972,7.322642017467201,,,0.9510478461384442,343.6475281559564,-29.463811515986396,8.50110465857285
2021-05-29 03:15:00,,,0.6872507580142453,376.2830268859863,106.4728382977956,5.077485340383001,,,1.004089649040428,387.0833333333333,65.06566405573405,7.027943223987162,,,0.963624254314284,370.4,14.09124487855037,7.322648850519201,,,0.9510528261944448,343.6475281559564,-29.464212837446382,8.501148429408877
2021-05-29 03:30:00,,,0.6873470238218624,366.91833735447307,107.63749613602684,5.348088433930648,,,1.0040918718266805,399.3333333333333,63.07771682101247,6.593361807572702,,,0.9636232686621612,369.1,14.319334550768716,7.375760126089914,,,0.9510577950500708,344.43644061119727,-29.62295153501428,8.461055020166297
2021-05-29 03:45:00,,,0.6874432350861723,366.4968365925114,107.69576411989374,5.361496086290523,,,1.0040940939296992,398.8888888888889,63.14788526085337,6.608429292849556,,,0.963622282943138,370.31111111111113,14.10877892996659,7.32627514794867,,,0.9510627527053122,351.8984666213491,-31.08589307659368,8.095244180031234
2021-05-29 04:00:00,,,0.6875393918205727,366.7372704221491,107.66980738305254,5.355022926149834,,,1.0040963155847196,401.8333333333333,62.68721139941248,6.509702391015284,,,0.9636212971572372,371.5833333333333,13.889032018153928,7.274831875724192,,,0.9510676991601588,351.9620245640574,-31.09849621743747,8.092272983803364
2021-05-29 04:15:00,,,0.6876354940384537,366.7372704221491,107.67444622339129,5.35577427848304,,,1.004098536794728,401.8333333333333,62.68738164304119,6.509720293898556,,,0.9636203113044082,371.5833333333333,13.89006161106417,7.274838672547474,,,0.9510726344146008,351.9620245640574,-31.098909383107294,8.092314264935062
2021-05-29 04:30:00,,,0.6877315417531765,370.0445856643936,107.26199692134294,5.258577290820465,,,1.0041007573237144,428.8333333333333,58.75674640438647,5.699569541183568,,,0.9636193253847894,365.4,14.978547674055465,7.530162051281205,,,0.9510775584686278,353.1690149938545,-31.330002819235048,8.035465309913716
2021-05-29 04:45:00,,,0.6878275349780776,368.0733473036024,107.51428873163792,5.317371834525023,,,1.0041029775275,429.6666666666667,58.64344320424313,5.677047344889823,,,0.9636183393983632,367.2888888888889,14.643496989523696,7.450754864744457,,,0.95108247132223,352.8979048064741,-31.27874157738601,8.048231800556538
2021-05-29 05:00:00,,,0.6879234737265186,367.2242379110368,107.62642728009853,5.343427426061832,,,1.0041051969811263,430.8333333333333,58.48549160350493,5.645735192033888,,,0.9636173533452336,367.45,14.61602155532536,7.444046978059894,,,0.9510873729753972,352.99250088678883,-31.29719863462877,8.043828821228654
2021-05-29 05:15:00,,,0.688019358011807,367.2242379110368,107.63103380537429,5.344175027759354,,,1.0041074160971626,430.8333333333333,58.485649873024656,5.645750691756878,,,0.9636163672253208,367.45,14.617052005719245,7.444053941530664,,,0.9510922634281208,352.99250088678883,-31.297616229142548,8.043869472863705
2021-05-29 05:30:00,,,0.6881151878472624,360.4917768511856,108.50648864618722,5.55228397447666,,,1.0041096346896796,433.6666666666667,58.10536522050831,5.570761869816467,,,0.963615381038724,374.8,13.34368443632625,7.14719814820671,,,0.9510971426803894,346.9840333726671,-30.132618757183536,8.333722882776035
2021-05-29 05:45:00,,,0.6882109632461949,360.1058457318474,108.5621197481062,5.565315413760627,,,1.0041118526553263,433.8888888888889,58.0758936379361,5.5649581505114885,,,0.9636143947854874,373.8444444444444,13.507561411136573,7.1847762159630895,,,0.9511020107321936,346.2378449284173,-29.985475519913763,8.370857464904425
2021-05-29 06:00:00,,,0.6883066842218871,358.1112903040698,108.83175898865804,5.630098278919611,,,1.0041140701124762,433.3333333333333,58.15017914476707,5.579538182988272,,,0.9636134084656428,372.81666666666666,13.684678804202562,7.225528521039837,,,0.951106867583524,348.1146047504899,-30.35580966124938,8.278078685820663
2021-05-29 06:15:00,,,0.6884023507876174,358.1112903040698,108.83650752307484,5.630883756521667,,,1.0041162870235172,433.3333333333333,58.15033606545452,5.579553473573705,,,0.963612422079204,372.81666666666666,13.6857085596923,7.225535288370986,,,0.9511117132343704,348.1146047504899,-30.35622595531736,8.278120127820609
2021-05-29 06:30:00,,,0.6884979629566538,351.7628879921109,109.70469998500388,5.843039919226419,,,1.0041185034939388,426.3333333333333,59.10107241043356,5.768126051872388,,,0.9636114356262316,373.06666666666666,13.643816803087262,7.215598841699991,,,0.9511165476847232,355.8790472691355,-31.845615087357743,7.910234879725002
2021-05-29 06:45:00,,,0.6885935207422458,352.8006328064718,109.56626798525244,5.808484201848376,,,1.0041207192677852,425.55555555555554,59.208782364801095,5.789684810849709,,,0.9636104491067632,371.8888888888889,13.84755948547928,7.262631019525669,,,0.9511213709345724,352.3929072693802,-31.185623421187813,8.072341908328312
2021-05-29 07:00:00,,,0.6886890241576459,351.865528575161,109.70019570359848,5.841154185367328,,,1.0041229348283616,425.8333333333333,59.17048569146801,5.7819927956191455,,,0.9636094625207744,369.864406779661,14.200049796371204,7.344560349273383,,,0.9511261829839084,351.7140443340626,-31.055918519898427,8.104526391427092
2021-05-29 07:15:00,,,0.688784473216061,351.865528575161,109.7050385018265,5.84196679761619,,,1.004125149507863,425.8333333333333,59.17064499641117,5.782008612476789,,,0.9636084758683552,369.864406779661,14.201080210574103,7.34456723646708,,,0.951130983832722,351.7140443340626,-31.05634173987393,8.104566579377325
2021-05-29 07:30:00,,,0.688879867930726,350.9266815185547,109.84021721326356,5.875043723691122,,,1.0041273639425827,426.1666666666667,59.124722702368345,5.772795372852489,,,0.9636074891495374,365.4666666666666,14.978998114126682,7.527422025164631,,,0.9511357734810022,349.1606803844178,-30.562788266429763,8.227262462893936
2021-05-29 07:45:00,,,0.6889752083148456,350.1636207048283,109.95153293013274,5.902286373928708,,,1.0041295777091468,428.6666666666667,58.781554166539,5.704296529776836,,,0.9636065023643824,365.5681818181818,14.96188530802806,7.523130998113097,,,0.9511405519287408,348.73666179050286,-30.48047874024049,8.247943675123526
2021-05-29 08:00:00,,,0.6890704943815912,350.03174810894467,109.97483976954422,5.907691654808764,,,1.00413179099878,430.0833333333333,58.58893103313223,5.66603060566982,,,0.9636055155128328,366.1864406779661,14.852630826633046,7.4970413279004,,,0.9511453191759276,347.6446515002282,-30.26690483891997,8.301504504419256
2021-05-29 08:15:00,,,0.6891657261441634,350.03174810894467,109.97969385025668,5.908511192190653,,,1.0041340037386532,430.0833333333333,58.58908829130609,5.666046078967668,,,0.9636045285950348,366.1864406779661,14.85366202866733,7.497048366603468,,,0.9511500752225528,347.6446515002282,-30.267327602074275,8.301545274580935
2021-05-29 08:30:00,,,0.6892609036157261,360.54975163386416,108.55504170878088,5.559723145135524,,,1.004136216015906,422.1666666666667,59.68314415560876,5.88509585747111,,,0.9636035416109582,368.56666666666666,14.433559219187243,7.397853805669262,,,0.9511548200686074,349.3210402843999,-30.595720024700768,8.219638459817741
2021-05-29 08:45:00,,,0.6893560268094197,356.6244864515079,109.08337815638276,5.687227655653478,,,1.0041384279104415,420.8888888888889,59.86372073943349,5.921660744723993,,,0.963602554560624,366.9555555555556,14.719047270927092,7.464788728884906,,,0.9511595537140808,354.80916204847284,-31.648167011295385,7.959798343856873
2021-05-29 09:00:00,,,0.6894510957384165,355.1758743286133,109.2843078035877,5.735899430131457,,,1.004140638938852,421.9166666666667,59.71867709153919,5.892251990294207,,,0.963601567444124,367.75,14.579500050156357,7.431679315020087,,,0.9511642761589644,356.5220928815455,-31.970321178011403,7.881267383572445
2021-05-29 09:15:00,,,0.6895461104158084,355.1758743286133,109.28903951535172,5.73669287747602,,,1.004142849725988,421.9166666666667,59.718836994524025,5.892268053906037,,,0.9636005802614136,367.75,14.580531170458798,7.431686300776714,,,0.9511689874032484,356.5220928815455,-31.970755678814584,7.881305715325312
2021-05-29 09:30:00,,,0.6896410708547427,355.75897679184425,109.21456811593576,5.718132699598264,,,1.0041450596447037,418.6666666666667,60.18059524741492,5.986094436285729,,,0.9635995930125896,363.1666666666667,15.401054677049558,7.625864336297545,,,0.9511736874469232,373.6055253471424,-35.01839783212104,7.158038950335337
2021-05-29 09:45:00,,,0.6897359770683184,354.76031903139096,109.35509254110934,5.752133185705947,,,1.0041472693324978,417.22222222222223,60.38821994756474,6.028529893449474,,,0.9635986056977214,362.3555555555556,15.54927112167286,7.661032567544944,,,0.9511783762899796,374.5571850878481,-35.18042553515141,7.120768858174195
2021-05-29 10:00:00,,,0.6898308290696399,356.5183756670614,109.12119803991588,5.694648411153494,,,1.0041494785502254,419.0,60.13324376019573,5.976401994631507,,,0.9635976183167844,361.4,15.72454647092141,7.702778131889916,,,0.951183053932408,374.6917127970776,-35.2036526351968,7.115553503539494
2021-05-29 10:15:00,,,0.6899256268717697,356.5183756670614,109.12588075395638,5.695433915342114,,,1.004151686912425,419.0,60.13340436699906,5.976418256980218,,,0.9635966308698122,361.4,15.72557884269476,7.702785381175794,,,0.9511877203741989,374.6917127970776,-35.204106077181784,7.11558777298566
2021-05-29 10:30:00,,,0.6900203704877842,352.46843631931995,109.68397129824962,5.8318758903004655,,,1.0041538950890068,409.8,61.47782280722311,6.253881249344224,,,0.9635956433568724,374.8666666666667,13.352949191443756,7.144722124715094,,,0.9511923756153422,378.72558419221366,-35.87995592266682,6.9608846484299365
2021-05-29 10:45:00,,,0.6901150599307445,354.08277646956907,109.46657493159678,5.778017351157222,,,1.0041561025340544,406.5,61.97499486121419,6.358175917847197,,,0.9635946557779562,375.8666666666667,13.184501341576798,7.105748076194999,,,0.9511970196558304,379.8451751841959,-36.06532622589485,6.918872614172255
2021-05-29 11:00:00,,,0.6902096952136997,353.5154821002294,109.54912820406317,5.797935251111584,,,1.0041583094268165,403.3636363636364,62.45506178869092,6.459754535805511,,,0.9635936681331148,375.9333333333333,13.174264960765283,7.103167493331747,,,0.9512016524956528,380.7786671258266,-36.21913147802034,6.884141836240976
2021-05-29 11:15:00,,,0.6903042763496775,353.5154821002294,109.55384341955002,5.79873273022896,,,1.0041605158902147,403.3636363636364,62.4552282431,6.459772083633352,,,0.9635926804224206,375.9333333333333,13.175295103787882,7.103174186300442,,,0.9512062741348,380.7786671258266,-36.219592974984735,6.8841746640544486
2021-05-29 11:30:00,,,0.6903988033517148,347.62157252577487,110.38255970249573,6.004060692047663,,,1.0041627219145337,400.6666666666667,62.87407399393995,6.549096263614872,,,0.9635916926458928,378.4,12.762255172367084,7.008444142229659,,,0.9512108845732627,385.0026391901959,-36.90464112524445,6.730156642632818
2021-05-29 11:45:00,,,0.6904932762327967,346.4933942711872,110.54832145668708,6.045285187143117,,,1.0041649271702748,397.77777777777777,63.32901342571007,6.646861748287985,,,0.963590704803533,382.7111111111111,12.052410709611207,6.847401457943464,,,0.9512154838110328,385.32209244888935,-36.95627151249192,6.718750413145558
2021-05-29 12:00:00,,,0.6905876950059411,346.64385002703705,110.53162653793552,6.0407026331219775,,,1.0041671320515342,400.1666666666667,62.95264950451168,6.565893635740028,,,0.9635897168953734,384.55,11.755068098476585,6.78041056402456,,,0.9512200718481008,385.4055458479495,-36.970090966735,6.715798955240086
2021-05-29 12:15:00,,,0.6906820596841206,346.64385002703705,110.53645005768897,6.041531141946459,,,1.0041693365265658,400.1666666666667,62.952816853194776,6.565911441033195,,,0.9635887289214912,384.55,11.756097073198852,6.780416960477152,,,0.951224648684456,385.4055458479495,-36.97055917052022,6.715830661185867
2021-05-29 12:30:00,,,0.6907763702803129,347.55328959803427,110.41150483854712,6.0097910350835,,,1.0041715401612492,428.8333333333333,58.76178827012963,5.700067311560848,,,0.9635877408818976,393.73333333333335,10.308779917540228,6.460221344010313,,,0.95122921432009,387.0366794361788,-37.23084713023305,6.657952446893759
2021-05-29 12:45:00,,,0.6908706268074809,350.8594798212466,109.95016145429967,5.894412032452131,,,1.004173743609823,431.3333333333333,58.42284244102125,5.632865070251099,,,0.963586752776687,391.9111111111111,10.591801057835951,6.521920423457728,,,0.951233768754994,387.3205627241945,-37.27631377826238,6.647982176397672
2021-05-29 13:00:00,,,0.6909648292785854,351.3941757078093,109.88031278134255,5.876743260524454,,,1.0041759462131894,426.5,59.08218208875496,5.763933534023635,,,0.963585764605788,390.48333333333335,10.815620442052236,6.570889750636349,,,0.9512383119891584,388.1564625509424,-37.40889474252266,6.61869499011522
2021-05-29 13:15:00,,,0.691058977706548,351.3941757078093,109.88502046768002,5.877546989206103,,,1.0041781484579768,426.5,59.08233851163549,5.763949136092571,,,0.9635847763693116,390.48333333333335,10.81664869756858,6.570895956774215,,,0.9512428440225742,388.1564625509424,-37.40936812005455,6.618725923150292
2021-05-29 13:30:00,,,0.6911530721042901,355.8066642515121,109.28271539586044,5.729134488351312,,,1.0041803502262836,407.6666666666667,61.80017196328161,6.321200451510808,,,0.9635837880672852,385.1333333333333,11.667187667747392,6.759402887632416,,,0.9512473648552324,382.74018145070494,-36.54357908472422,6.81227017354554
2021-05-29 13:45:00,,,0.6912471124847515,357.77461419356496,109.02139762438428,5.665201035918938,,,1.0041825514131657,405.22222222222223,62.1715952038559,6.399467597621948,,,0.963582799699687,384.8444444444444,11.714760798654538,6.769819743673209,,,0.951251874487124,383.4851107210727,-36.66464352703122,6.785183214387686
2021-05-29 14:00:00,,,0.69134109886081,358.11143493652344,108.98074017137267,5.655007308374174,,,1.0041847521377267,401.75,62.70688512025474,6.513176658942888,,,0.9635818112666156,384.8333333333333,11.717581579466035,6.770227030371603,,,0.95125637291824,383.337467443355,-36.64125154451437,6.790576574626455
2021-05-29 14:15:00,,,0.6914350312453611,358.11143493652344,108.98529875140486,5.655778510685227,,,1.0041869521858735,401.75,62.70705090503851,6.513194257135219,,,0.9635808227680936,384.8333333333333,11.718610854080993,6.770233432318842,,,0.9512608601485708,383.337467443355,-36.641724470156376,6.7906079883433454
2021-05-29 14:30:00,,,0.6915289096512904,355.73570126392804,109.31077949830475,5.734616936142112,,,1.0041891517850152,390.1666666666667,64.56129075961202,6.915411950413748,,,0.9635798342041708,380.5172413793104,12.423480223129816,6.928721814599925,,,0.9512653361781078,392.58441516153175,-38.10219419140541,6.466780895406941
2021-05-29 14:45:00,,,0.69162273409146,356.9149221355996,109.1555181480028,5.696440379549228,,,1.0041913508933973,392.77777777777777,64.13396826487613,6.821551481644512,,,0.9635788455747905,378.45238095238096,12.76691189239439,7.006539148257007,,,0.9512698010068416,392.0950738911016,-38.02713888392241,6.48335832426511
2021-05-29 15:00:00,,,0.6917165045787215,356.43806610107424,109.2246036698595,5.712923049371951,,,1.004193549540527,393.5833333333333,64.00339593180018,6.792995687527822,,,0.9635778568800762,375.6140350877193,13.244750131251957,7.115679645130389,,,0.9512742546347642,391.9454484079399,-38.00448602029211,6.488460654115722
2021-05-29 15:15:00,,,0.6918102211259061,356.43806610107424,109.2291694099458,5.713699931723416,,,1.0041957473670815,393.5833333333333,64.00356476836672,6.793014008246495,,,0.963576868120112,375.6140350877193,13.245781018028069,7.115686381632881,,,0.9512786970618664,391.9454484079399,-38.004968320516376,6.488490361971324
2021-05-29 15:30:00,,,0.6919038837458766,353.0904064178467,109.69172683125046,5.826646896073807,,,1.0041979449883935,410.0,61.4512160583738,6.247982919839112,,,0.9635758792948208,365.3448275862069,15.03381012266253,7.532812746076007,,,0.9512831282881384,391.8463838365343,-37.990124555627474,6.491881789188404
2021-05-29 15:45:00,,,0.6919974924514235,353.59934949372945,109.62614531629966,5.810168777793031,,,1.004200141783922,415.22222222222223,60.68172231438452,6.088413449091172,,,0.963574890404258,362.95454545454544,15.465296371636114,7.6352161785900945,,,0.951287548313572,391.0849790552343,-37.87254740596782,6.517838168428347
2021-05-29 16:00:00,,,0.6920910472553511,354.05773296053445,109.56768613557242,5.795467565566808,,,1.004202338368806,419.6666666666667,60.0419421362189,5.957410436451587,,,0.9635739014484882,362.864406779661,15.482673073349844,7.639125967431272,,,0.9512919571381586,390.32579908183976,-37.75485633934226,6.543875098128906
2021-05-29 16:15:00,,,0.6921845481704767,354.05773296053445,109.57227237514184,5.796253427781605,,,1.0042045341859522,419.6666666666667,60.0420998442444,5.957426475457281,,,0.9635729124275532,362.864406779661,15.483706248485475,7.63913320793092,,,0.9512963547618888,390.32579908183976,-37.75534057381153,6.5439047488378685
2021-05-29 16:30:00,,,0.6922779952095657,350.1413214011271,110.121102627899,5.931465198077709,,,1.0042067294308008,414.3333333333333,60.81183667017617,6.1151885545715405,,,0.96357192334147,376.03333333333336,13.18004552024452,7.099436873654615,,,0.951300741184754,386.1877022038877,-37.103509035566326,6.688492039875517
2021-05-29 16:45:00,,,0.6923713883853945,348.6967932659647,110.3296055750446,5.983050985660083,,,1.0042089243046008,410.1111111111111,61.43544360258499,6.244606053198875,,,0.9635709341902836,374.6444444444445,13.41650338268002,7.153597441671429,,,0.951305116406745,386.7021648598133,-37.185850451671286,6.670288818837925
2021-05-29 17:00:00,,,0.6924647277107273,348.88145792985165,110.30811743329744,5.977331126785785,,,1.0042111186913665,409.9166666666667,61.46462553002792,6.25068146834584,,,0.9635699449740036,372.64406779661016,13.75969744603256,7.232705341522757,,,0.9513094804278532,387.1014082665537,-37.249710276575584,6.656220660850037
2021-05-29 17:15:00,,,0.6925580131983036,348.88145792985165,110.312777708024,5.97813933935163,,,1.0042133124512749,409.9166666666667,61.464786597034745,6.250698267087812,,,0.9635689556927458,372.64406779661016,13.760729155053312,7.232712204776543,,,0.9513138332480708,387.1014082665537,-37.25019532054992,6.656250504419037
2021-05-29 17:30:00,,,0.692651244860857,341.1143093766837,111.44241576315872,6.263274805531877,,,1.0042155058099265,403.6666666666667,62.41265695278945,6.450288295547644,,,0.963567966346444,367.4642857142857,14.665072096217472,7.443802745153618,,,0.9513181748673872,383.2663172304241,-36.63643631288353,6.793595421663291
2021-05-29 17:45:00,,,0.6927444227111302,341.23728807237416,111.42900248749416,6.259459740685856,,,1.0042176984350843,408.6666666666667,61.65233176071167,6.289893344632978,,,0.963566976935187,363.2325581395349,15.423205116259282,7.623256460137029,,,0.951322505285796,382.3829949073542,-36.49369704188831,6.825859927891897
2021-05-29 18:00:00,,,0.6928375467618119,340.5441162649509,111.53664105304698,6.286647004648831,,,1.0042198905684532,417.4166666666667,60.36547382083673,6.023330519719431,,,0.9635659874589336,360.8965517241379,15.84978069896789,7.725140878225785,,,0.9513268245032868,382.4085121154785,-36.49832774050814,6.824955869431493
2021-05-29 18:15:00,,,0.6929306170256085,340.5441162649509,111.54144067416809,6.287494616485149,,,1.0042220823694783,417.4166666666667,60.36563149100977,6.023346679304836,,,0.96356499791787,360.8965517241379,15.85081455971661,7.725148217239452,,,0.9513311325198516,382.4085121154785,-36.49881254682341,6.824986145352856
2021-05-29 18:30:00,,,0.6930236335152233,345.2226568368765,110.85990190846331,6.11368991024644,,,1.0042242733126054,427.6666666666667,58.925110898866,5.732221443982376,,,0.9635640083119118,367.9666666666666,14.580477869453034,7.422952738624086,,,0.951335429335482,390.4388498044481,-37.77736091111007,6.540285218173273
2021-05-29 18:45:00,,,0.6931165962433189,351.4008055187407,109.98615823491436,5.894882975957491,,,1.0042264640444232,428.3333333333333,58.833949732148426,5.714041014795433,,,0.96356301864113,367.1555555555556,14.724880869835232,7.456712643761607,,,0.951339714950168,390.56575813376566,-37.79762916918244,6.535959348198398
2021-05-29 19:00:00,,,0.6932095052225613,352.15133149283275,109.88610138728096,5.869807918049932,,,1.0042286539299532,431.9166666666667,58.34811447505776,5.617731418046343,,,0.9635620289055508,367.2,14.718041472346414,7.454864252874519,,,0.951343989363903,391.3035494237165,-37.91283919010466,6.510758044753356
2021-05-29 19:15:00,,,0.693302360465613,352.15133149283275,109.8906524151219,5.8705970702487535,,,1.0042308435829252,431.9166666666667,58.34826629433432,5.617746462155117,,,0.9635610391052246,367.2,14.719074424253378,7.454871343272901,,,0.9513482525766768,391.3035494237165,-37.91333333246705,6.510786617633002
2021-05-29 19:30:00,,,0.6933951619851052,351.1681451312566,110.0323873319612,5.905317121381278,,,1.004233032740329,458.8333333333333,54.94049870050897,4.966549087066445,,,0.963560049240194,368.5,14.490681891284936,7.400913066886061,,,0.9513525045884824,409.6085305806079,-40.62772356327725,5.929123324521096
2021-05-29 19:45:00,,,0.6934879097936705,351.06755768850945,110.05102577561944,5.909598551057316,,,1.0042352210084715,455.77777777777777,55.30725278809621,5.0345890003316045,,,0.9635590593104232,365.5813953488372,15.009074481253592,7.522913108443962,,,0.95135674539931,408.99373428909865,-40.54102353758121,5.94738990747949
2021-05-29 20:00:00,,,0.6935806039039228,351.057857007052,110.05693799855764,5.910728006291269,,,1.0042374088673836,454.25,55.49255198835349,5.069144250404083,,,0.9635580693160364,362.1551724137931,15.628090391657636,7.670054436861472,,,0.9513609750091512,408.800861184114,-40.51411860231599,5.953155742717744
2021-05-29 20:15:00,,,0.6936732443284842,351.057857007052,110.0614859467459,5.9115203909897405,,,1.0042395964309423,454.25,55.49269573257237,5.069157801049019,,,0.963557079257037,362.1551724137931,15.629124375613388,7.670061740286623,,,0.9513651934179984,408.800861184114,-40.51462709536516,5.953181585782619
2021-05-29 20:30:00,,,0.6937658310799426,348.2010825020926,110.46951585325364,6.012759473622082,,,1.0042417832005015,444.1666666666667,56.7468199998558,5.306386670141935,,,0.9635560891334508,345.8333333333333,18.742216912577877,8.434574380939068,,,0.9513694006258424,405.8135642756045,-40.087224619144806,6.043190072713162
2021-05-29 20:45:00,,,0.6938583641708812,346.8750915527344,110.66367130668836,6.06107440281265,,,1.004243969598117,441.0,57.15261229196577,5.384362685148242,,,0.963555098945308,346.97777777777776,18.515499522245776,8.377291441489893,,,0.9513735966326754,404.3097774862984,-39.86993093043181,6.089292717548167
2021-05-29 21:00:00,,,0.6939508436138453,347.43787906044406,110.58763662516422,6.041648729881957,,,1.004246155440458,439.75,57.3144919848501,5.41562813115462,,,0.9635541086926622,346.9166666666667,18.528660060077883,8.38034373937525,,,0.9513777814384886,402.6173391155168,-39.62336656676237,6.1418138111860685
2021-05-29 21:15:00,,,0.694043269421414,347.43787906044406,110.59222954091882,6.042456351754165,,,1.0042483407385585,439.75,57.31464017875068,5.415642581031772,,,0.9635531183755738,346.9166666666667,18.529696974763127,8.380351728235876,,,0.9513819550432736,402.6173391155168,-39.62387416727567,6.141840181542912
2021-05-29 21:30:00,,,0.6941356416061303,367.05212712692,107.93999518288368,5.397060260382604,,,1.0042505255490215,436.0,57.80555052371925,5.511071183011259,,,0.9635521279940036,348.3793103448276,18.241730581047435,8.307953576003781,,,0.9513861174470222,401.7267391229767,-39.49353029762919,6.169765768420204
2021-05-29 21:45:00,,,0.694227960180525,369.0542507595486,107.68887712132036,5.337755184528522,,,1.0042527096833789,433.375,58.15428775686212,5.579393922555172,,,0.9635511375480694,350.54545454545456,17.81918974636163,8.20245736839211,,,0.9513902686497256,399.5197559431488,-39.16726032215989,6.239760185661274
2021-05-29 22:00:00,,,0.6943202251571368,369.1078662214608,107.68626302043322,5.3368734365047406,,,1.004254893334689,428.1818181818182,58.85666240138883,5.718367371378334,,,0.963550147037728,351.45762711864404,17.64341791681646,8.158643031370095,,,0.951394408651376,398.01804735769633,-38.94334387312406,6.288083491835208
2021-05-29 22:15:00,,,0.6944124365484787,369.1078662214608,107.69044309788256,5.337584807677152,,,1.0042570764805503,428.1818181818182,58.856814263945424,5.718382601170926,,,0.9635491564630984,351.45762711864404,17.644454154624526,8.158650817711484,,,0.9513985374519652,398.01804735769633,-38.943851557646,6.288110191595787
